,Los Angeles
0,20STCV25575
1,20STCV26280
2,20STCV19892
3,20STCV11326
4,20STCV32794
5,20VECV00202
6,20SMCV00587
7,19STCV45208
8,19STCV45208
9,20STCV29922
10,20STCV29194
11,20STCV24752
12,20STCV16142
13,20STCV29103
14,PC058821
15,20STCV33933
16,20STCV31648
17,20STCV19874
18,20STCV13856
19,19STCV42899
20,19STCV42900
21,20VECV00663
22,20STCV21052
23,20STCV19874
24,20STCV12016
25,20STCV26517
26,20STCV20510
27,20VECV00733
28,20STCV25549
29,20STCV19563
30,19STCV36697
31,20STCV23643
32,20STCV28241
33,20STCV17462
34,20STCV25441
35,20STCV05273
36,20PSCV00116
37,20STCV18681
38,20STCV00358
39,19STCV38419
40,20SMCV00781
41,20STCV12320
42,20VECV00616
43,20STCV09064
44,19STPB5401
45,BP159755
46,BC616556
47,20VECV00616
48,20STCV23853
49,20GDCV00362
50,20STCV14403
51,BC642599
52,20STCV12320
53,20STCV19236
54,20STCV15028
55,20VECV00136
56,20STCV11326
57,20STCV10313
58,19STCV42900
59,20STCV07929
60,19STCV42900
61,19VERO00352
62,20VERO00352
63,20STCV07536
64,20STCV05210
65,19AVC00647
66,19SMCP000494
67,20STCV11972
68,19SMCV01263
69,20STCP01048
70,20STCV06132
71,20STCP01456
72,20STCV07585
73,19STCV42242
74,19STCV39870
75,20STPB00786
76,20STCV07787
77,19STCV27373
78,19STCV36697
79,19STCV36697
80,BC649025
81,19STLC09649
82,20STLC00941
83,20STCV01890
84,19STCV10435
85,19NWCV00905
86,19STCV41372
87,19CHCV00952
88,19STCV39870
89,19SMCV01935
90,19STCV37788
91,19STCV27313
92,19STCV27313
93,19STCV44536
94,19STCV44537
95,19STCV36093
96,19STCV42242
97,19STCV39468
98,20STCV04212
99,19STCV39468
100,20SMCV00014
101,19STCV35142
102,19STCV20545
103,19STCV20545
104,BC642599
105,19PSCV00860
106,19PSCCV00860
107,19STCV12360
108,19GDCV00657
109,19STCV40624
110,19STCV14806
111,18STLC12781
112,19VECV01487
113,19STCV28646
114,19STCV35142
115,19STCV33506
116,19STCV12027
117,BC708415
118,19STCV35635
119,19STCV22179
120,19TRCV00312
121,19VECV01236
122,19SMCV01329
123,19STCV36503
124,19CHCV00801
125,19STCV28320
126,19STCV27458
127,19STCV40091
128,19STUD01315
129,BC642599
130,19STCV40526
131,19STCV35825
132,19STCV34353
133,19SMCP00494
134,19GDCV01347
135,NC061591
136,19STCV28784
137,19STCV12360
138,19STCCV12027
139,19STCV31105
140,19STCV20138
141,19STCV38474
142,18STCV00536
143,19STCV28784
144,19STCV23364
145,19STPB02046
146,19STCV26534
147,19STCV35635
148,19STCV07991
149,19STCV27458
150,19STCV07905
151,19SMCV01329
152,19STCV25600
153,19STCV20138
154,SC127365
155,BC635746
156,19STCV27884
157,19STCV12027
158,BC720451
159,19STCV28320
160,BC611486
161,19STCV23364
162,19SMCV01471
163,19STCV30435
164,19STCV22505
165,EC062256
166,19STCV19832
167,19STCV20138
168,19STCV05884
169,18VECV00182
170,BC720451
171,19STCV21264
172,19SMCV00387
173,19SMCV00992
174,18STCV06087
175,19STCV18618
176,BC678014
177,19SMCV00954
178,BC685310
179,19STCV19286
180,19SMCV01180
181,19STCV19155
182,19CHCV00478
183,BC688391
184,19TRCV00548
185,BC683518
186,18STCV09240
187,19STCV15288
188,19LBCV00289
189,BC720451
190,BC673670
191,19STCV22913
192,19SMCV00070
193,19STCV09569
194,19STCV11367
195,19PSCV00202
196,19SMCV00813
197,19STCV13409
198,LC106881
199,19STUD02248
200,19STUD02250
201,19STCV13089
202,BS174800
203,BC704477
204,19STRO04297
205,19STCV15368
206,BC717712
207,19STCV15588
208,BC454464
209,BC454464
210,19STCV09569
211,19STCV09373
212,BC712782
213,19STCV01106
214,BC718542
215,18SMCV00452
216,18STCV03143
217,BC691511
218,BC714579
219,19SMCV00721
220,19STCV14220
221,19STCV09373
222,19STCV06902
223,18STCV06972
224,19STCV04166
225,19STCV12128
226,PC058001
227,BC705031
228,18STCV08076
229,BC681083
230,LC107655
231,18STCV09423
232,BC723908
233,19STCV09373
234,18STCV00955
235,19STCV04968
236,BC723908
237,LC107785
238,19STCV04166
239,BC628570
240,19SMCV00437
241,19STCV01907
242,18STCV05378
243,19STRO001901
244,18STCV02244
245,18STCV09506
246,19STLC02141
247,19STCV04340
248,BC701476
249,18STCV01060
250,NP014918
251,BC709613
252,19STCV10572
253,YC073126
254,18STCV06972
255,19STLC02141
256,SC126502
257,19STCV02817
258,18SMCV00452
259,18STCV10184
260,19STCV00253
261,19STCV01901
262,BC696666
263,BC707927
264,BC700140
265,BC720420
266,18STCV00640
267,KC070506
268,18STCV01160
269,18TRCV00169
270,SC125247
271,BC701482
272,YC072475
273,18VECV00183
274,BC714312
275,BC701476
276,BC693866
277,18STCV01315
278,18STCV08065
279,BC623908
280,18STCV05793
281,BC709613
282,BC708736
283,BC722689
284,18STCV05933
285,BC722291
286,18TRCV00003
287,BC705994
288,BC706281
289,BC701303
290,BC685531
291,PC058001
292,BC699591
293,18STCV00695
294,BC685531
295,BC721838
296,SC129806
297,18STCV00695
298,18STCV00616
299,BC723908
300,18STCV04890
301,KC068076
302,BC695766
303,BC712445
304,BC693741
305,BC693741
306,BC696666
307,BC709369
308,BC693741
309,BC700152
310,EC068975
311,BC787554
312,18STLC10160
313,BC617199
314,BC721838
315,EC068913
316,BC711940
317,EC068913
318,BC711940
319,TC029123
320,BC696666
321,BC685310
322,LC107317
323,BC700152
324,BC715451
325,BC711381
326,BC707927
327,BC662775
328,BC662775
329,BC720423
330,BC714312
331,17STPB5114
332,SC126502
333,BC706281
334,YC072977
335,BC688951
336,BP170539
337,BC707628
338,KC069679
339,BC701357
340,BC699092
341,BC714084
342,BC674583
343,BC713303
344,BC702014
345,BC707386
346,BC717041
347,BC713791
348,BC709673
349,SC128957
350,BP170539
351,BC695768
352,BC680035
353,BC585664
354,BC686380
355,BC591050
356,KC070438
357,18STLC09985
358,EC068466
359,BC706739
360,BC706667
361,BC712913
362,18PDRO-01096
363,TC029148
364,BC663394
365,SC128977
366,BC713303
367,BC696666
368,BC708882
369,BC629596
370,BC580909
371,BC681073
372,BC684004
373,BC681083
374,YC072475
375,BC707386
376,BS173633
377,EC067254
378,BC709080
379,BC651010
380,YC072760
381,PC058585
382,PC058585
383,BC700385
384,BC699092
385,BC651010
386,BC696666
387,BC705414
388,BC696666
389,SC125558
390,BC677803
391,BC701658
392,BC690753
393,BC695883
394,BC672132
395,BC692356
396,SC128007
397,BC681256
398,BC704820
399,BC687731
400,BC685711
401,BC643861
402,BC696218
403,YC072628
404,SC128527
405,LC105742
406,BC692766
407,EC068282
408,BC687604
409,SC128977
410,BC580909
411,BC683021
412,BC629369
413,YC072354
414,BC692356
415,BC692108
416,17STPB06548
417,LC106309
418,BC680943
419,BC677174
420,BC657704
421,BC682664
422,SC128782
423,YC072527
424,SC128720
425,YC072527
426,YC072697
427,YC072672
428,NC060708
429,BC690062
430,BS170169
431,BC652160
432,BC681797
433,BC647403
434,BC676269
435,EC067909
436,BC686086
437,BC645977
438,BC681033
439,BC689712
440,BC681033
441,BS172105
442,BC691011
443,LC105062
444,TC028952
445,BC573709
446,BC574505
447,BC667829
448,BC644780
449,
450,BC681889
451,BC671735
452,BC687731
453,LC106695
454,SC128007
455,LC105970
456,BC691017
457,BC680543
458,BC600373
459,BC683108
460,BC681784
461,BC662736
462,BC662798
463,BC662775
464,BC610915
465,BC624542
466,LC106779
467,BC646090
468,BC664530
469,LC106779
470,BC691017
471,BC644227
472,BC644227
473,NC060708
474,BC600373
475,BC663604
476,BC682869
477,BC675187
478,BC671735
479,BS170185
480,BC677826
481,BC667727
482,BC671793
483,16A03434
484,BC681889
485,BC683123
486,KC069743
487,BC681826
488,BC676971
489,BC663601
490,BC679247
491,BC684004
492,BC684004
493,PC057843
494,BC685909
495,BC670973
496,BC541477
497,BC668533
498,BC684635
499,17SMUD01543
500,BC670973
501,BC657312
502,SC127372
503,BC579025
504,BC656651
505,BC667370
506,BC667370
507,BC674956
508,BC616239
509,BC656607
510,BC656651
511,BC668711
512,BC676654
513,BC654244
514,BC675919
515,BC681256
516,YC072354
517,BC654244
518,BC674508
519,BC674449
520,BC676243
521,BC619766
522,YC071926
523,YC072354
524,BC667610
525,SC127446
526,BC675187
527,BC587724
528,SC127744
529,BC670436
530,BC661094
531,LC106226
532,BC649878
533,BC534074
534,BC656613
535,BC674303
536,BC664084
537,BC669053
538,VC065840
539,BC661453
540,BC659294
541,BC645625
542,VC065840
543,BC648800
544,BC580571
545,YC072203
546,BC667011
547,SC127446
548,BC662841
549,BC646896
550,YC072029
551,BC635468
552,BC654113
553,BC635468
554,BC674508
555,BC674449
556,BC663207
557,BC629286
558,BC625692
559,BC656416
560,BC667883
561,SC127735
562,VC065840
563,BC668251
564,BC655806
565,BC643237
566,TC028730
567,PC057843
568,BC665406
569,BC636780
570,BC667011
571,BC646896
572,BC651255
573,BC662532
574,BC656649
575,BC663395
576,YC072029
577,BC658953
578,BC597745
579,BC654017
580,LC105062
581,BC660633
582,BC608383
583,BC579732
584,BC656416
585,NC061212
586,BC658084
587,BC572581
588,BC645152
589,VC065840
590,BC639594
591,LC104700
592,VC065840
593,BC580571
594,BC657186
595,LS027562
596,PC057679
597,SC121246
598,BC642836
599,BC650706
600,BC658520
601,BC642792
602,BC065573
603,BC633764
604,BC617024
605,BC625226
606,BC635646
607,BC580909
608,BC649519
609,BP155345
610,BC648006
611,BC621108
612,BC635646
613,BC536611
614,BC596870
615,BC651650
616,BC645625
617,SC127415
618,BC654315
619,BC642548
620,BC651988
621,BC625932
622,BC646395
623,BC621345
624,NC060984
625,BC641305
626,BC625538
627,KC068613
628,LC104639
629,BC641509
630,YS029395
631,BC619678
632,BC632279
633,BC635970
634,BC636140
635,LC105062
636,SC125736
637,BC364953
638,BC649025
639,BC644780
640,BC609271
641,17K03607
642,BC639059
643,BC651988
644,BC596397
645,YC071748
646,YC071489
647,BC651650
648,BC650580
649,BC627326
650,SC125490
651,BC639594
652,BC631623
653,BC635646
654,PC057544
655,BC641509
656,SC125609
657,SC124968
658,16B02276
659,BC634309
660,BC644978
661,BC646298
662,BC628830
663,EC065533
664,BC642548
665,YC071748
666,BC641923
667,BC648762
668,16K14524
669,BC641363
670,BC634096
671,BC646956
672,BC646956
673,BC605329
674,LC101909
675,BC637790
676,BC643233
677,16K12189
678,VC064945
679,SC126634
680,LC104699
681,BC625538
682,SC126423
683,BC620249
684,16STPB02080
685,30201600879877
686,BC634350
687,LC104164
688,BC630200
689,SC126423
690,BC639914
691,BC638964
692,EC065573
693,BC617024
694,BC588978
695,BC607130
696,BC629286
697,BC624155
698,BC567181
699,SC126557
700,16K11680
701,SC126520
702,BC629728
703,EC065536
704,BC635516
705,BC617312
706,KC068623
707,BC633655
708,TC028403
709,BC619690
710,BC641061
711,BC632279
712,BC554900
713,BC619842
714,BC558271
715,BC560531
716,YC071279
717,BC612774
718,SC126338
719,BC637092
720,BC628744
721,BC630567
722,BC579325
723,BC589145
724,BC618690
725,BC624296
726,PC057306
727,SC119086
728,BC630055
729,BC605329
730,BC600373
731,BC634333
732,SC125643
733,LC104608
734,SC126347
735,TC028514
736,BC618690
737,PC057194
738,BC611486
739,BC634027
740,BC631329
741,TC028514
742,BC619120
743,BC608106
744,SC125061
745,BC627806
746,BC586718
747,BP171001
748,LS028311
749,BC522224
750,BC615536
751,BC611486
752,VC065587
753,BC622144
754,BC625392
755,BC580571
756,BC606663
757,BC622452
758,SC124417
759,BC625085
760,BC620667
761,BC615536
762,BC605475
763,EC065502
764,BC604757
765,EC65502
766,BC622436
767,BC624668
768,BC608075
769,BC623815
770,SC124616
771,SC125425
772,BC618231
773,BC605329
774,C124897
775,BC548468
776,BC591322
777,B171001
778,BC603883
779,BC619766
780,NC060527
781,BC616918
782,BC621615
783,SC124616
784,NC060482
785,BC618690
786,BC617320
787,BC622093
788,BC616796
789,BS159589
790,PC056372
791,BC611362
792,BC619864
793,BC619862
794,BC622350
795,BC605329
796,BC606993
797,BC589145
798,BC619678
799,SC125328
800,YC070141
801,14R08828
802,BC555626
803,BS147244
804,BS147244
805,BC532875
806,BC538102
807,KC067160
808,BC541787
809,BC526372
810,TC028058
811,BC525221
812,BC532269
813,SC121128
814,BC538086
815,13C02230
816,LC102832
817,LC064999
818,LC099782
819,BC621747
820,BC593053
821,BC618353
822,BC520260
823,BC591524
824,BC606488
825,BC619842
826,BC619861
827,BC598205
828,BP168675
829,EC064049
830,EC064843
831,BC549755
832,BC607214
833,BC608415
834,BC608415
835,LC103289
836,LC103269
837,L068701
838,BC613883
839,BC606667
840,BC612910
841,BC548468
842,EC064772
843,BC611486
844,BC579301
845,BC621360
846,BC616624
847,BC530218
848,BC517005
849,YC069411
850,BC545297
851,BC557681
852,BC496841
853,BC500691
854,SC124220
855,EC065126
856,BC531202
857,BC613883
858,BC618353
859,LC100734
860,LC103061
861,BC531807
862,BC555686
863,KC067160
864,BC541687
865,BC586380
866,BC585605
867,BC562810
868,BC600453
869,BC594640
870,LC103921
871,BC570835
872,SC125643
873,BC596980
874,YC070996
875,BC593351
876,KC067654
877,LC103216
878,BC577390
879,BS160519
880,BC603587
881,BC539259
882,MC025304
883,LC103016
884,BC536357
885,BC535792
886,BC541787
887,BC560238
888,LC102846
889,BC593986
890,MC025534
891,BC596980
892,BC610029
893,BC589145
894,TC028060
895,TC028059
896,BC571585
897,SC120864
898,BC569605
899,BC566549
900,BC523540
901,SC124184
902,BC568443
903,BC608383
904,BC600624
905,BC596136
906,BS161525
907,BC603834
908,BC589145
909,BC568955
910,BBC571751
911,SC124771
912,BC603587
913,NC059768
914,EC064474
915,BC581130
916,BC599400
917,NC059829
918,BC570124
919,BC590717
920,BC545297
921,BC508916
922,BC541476
923,BC562012
924,BC544728
925,BC516368
926,BC604830
927,KC067009
928,EC064843
929,BC548008
930,BC570124
931,SC123759
932,SC123759
933,LC103611
934,SC124349
935,BS154185
936,BC595754
937,BC544257
938,SC123378
939,BC547782
940,BC548387
941,BC513854
942,SC122726
943,BC585967
944,BC578821
945,BC590744
946,KC067654
947,BC591175
948,NC060402
949,BC599896
950,BC604478
951,BC591479
952,EC064474
953,BC598998
954,BC584287
955,BC578484
956,BC585307
957,TCO27994
958,BC586708
959,TC027967
960,BC578127
961,BC581134
962,SC124235
963,BC585972
964,BC582670
965,BC580327
966,BC578939
967,SC125202
968,BC593351
969,BC510762
970,BC591067
971,LC103611
972,BC593565
973,BC603450
974,BC591175
975,LC103696
976,BC600959
977,TC028308
978,BC603834
979,BC594305
980,BC586293
981,BC580138
982,BC851602
983,BC602762
984,BC594846
985,BC596752
986,BC573303
987,BC574522
988,BC561178
989,BC575833
990,BC580138
991,KC066584
992,BC576665
993,BC580872
994,BC578510
995,BC596269
996,BC596705
997,BC599074
998,BC601163
999,BC599158
1000,BC600871
1001,BC525352
1002,BS159536
1003,BC573358
1004,BC602762
1005,BC594846
1006,BC596752
1007,BC593733
1008,SC123603
1009,LC102192
1010,BC550512
1011,YC070413
1012,
1013,YC070550
1014,BC538102
1015,BC585019
1016,BC588205
1017,BC595051
1018,SC123603
1019,BC590575
1020,BC572328
1021,BC564746
1022,BC586706
1023,BC561275
1024,BC540789
1025,BC575147
1026,BC585413
1027,BC521491
1028,BC582988
1029,BC593469
1030,BC546971
1031,BC544113
1032,BC539135
1033,SC122493
1034,BC540153
1035,KC067804
1036,BP159669
1037,LC102777
1038,BC578660
1039,BC582608
1040,SC117026
1041,BC558003
1042,BC576028
1043,BC555566
1044,MC025647
1045,BC582989
1046,BC580462
1047,BC548680
1048,BC526333
1049,BC530218
1050,MC024566
1051,BC548041
1052,BC548040
1053,BC542400
1054,NC059283
1055,BC524463
1056,LC101440
1057,BC538969
1058,BC530147
1059,BC516016
1060,BC543217
1061,BC553511
1062,EC062732
1063,SC122225
1064,SC121128
1065,BU554294
1066,BC546508
1067,BC521491
1068,EC062256
1069,BC551747
1070,SC120475
1071,BC555044
1072,BC527716
1073,BC583597
1074,BC580500
1075,KC067654O
1076,BC528686
1077,VC063211
1078,BC533980
1079,BC546614
1080,NC059485
1081,SC120897
1082,BC509053
1083,SC122535
1084,BC062388
1085,BC536393
1086,BC576049
1087,BC538378
1088,LP017194
1089,BC543797
1090,14K05837
1091,14R03019
1092,HG14718357
1093,BC532269
1094,BP140257
1095,LC100903
1096,BC525221
1097,LC102192
1098,BC548778
1099,BC551154
1100,BC530893
1101,BC540153
1102,BC538659
1103,BC552216
1104,BC554294
1105,BC554147
1106,BC461969
1107,BC543708
1108,EC062818
1109,BC555610
1110,BC556943
1111,14A19085
1112,14N15435
1113,NC059283
1114,BC555889
1115,BC540787
1116,BC530354
1117,BC533581
1118,BC556381
1119,BC540916
1120,SC123305
1121,SC123038
1122,YC069802
1123,BC560318
1124,SC123281
1125,BC562760
1126,BC543533
1127,BC578837
1128,BC576665
1129,15B11051
1130,BC580239
1131,BC561860
1132,BC508587
1133,BC565271
1134,BC564122
1135,BC557130
1136,BC562565
1137,BC568003
1138,SC122480
1139,BC565955
1140,BC561987
1141,SC123373
1142,SC122480
1143,BC543983
1144,BC526372
1145,BC484031
1146,SC124263
1147,BC556600
1148,BC560648
1149,BC540916
1150,YC070037
1151,BC563394
1152,BC554705
1153,BC574988
1154,LC101487
1155,BC564497
1156,BC527897
1157,30201400733212CUNPCJC
1158,BC525224
1159,BC570378
1160,BC561860
1161,BC580106
1162,BC576665
1163,BC560318
1164,TC028058
1165,BC576049
1166,TC028060
1167,TC027967
1168,BC559720
1169,215CV01659MMMSSX
1170,15K02226
1171,BC568027
1172,BC531202
1173,215CV00370TJH (PLAx)
1174,BC553395
1175,BC570590
1176,BC564746
1177,BC558489
1178,LC101071
1179,BC513769
1180,PC056141
1181,BC576615
1182,BC568003
1183,MC025220
1184,BC570590
1185,BC564093
1186,BC573679
1187,LC102616
1188,BP154932
1189,BC561200
1190,BC456530
1191,BC565955
1192,SC123519
1193,BC571369
1194,101909
1195,BC571564
1196,BC571455
1197,BC542580
1198,BC571455
1199,BC496060
1200,123810
1201,BC563309
1202,BC564127
1203,BC567147
1204,BC566665
1205,BC456530
1206,BS150539
1207,PC056377
1208,BC570590
1209,BC571980
1210,BC575919
1211,BC575170
1212,BC573416
1213,BC568313
1214,BC553215
1215,BC568720
1216,BS153357
1217,BC561148
1218,BC562586
1219,BC562288
1220,BC558243
1221,BC563309
1222,BC563849
1223,BCS562810
1224,BC561178
1225,BC567599
1226,EC063308
1227,BC557351
1228,BC555245
1229,SC122016
1230,YC069417
1231,BC540153
1232,BC504096
1233,BP138682
1234,BS147795
1235,BC543788
1236,BC539507
1237,BC545598
1238,14F04487
1239,BC533980
1240,BC540097
1241,SC122201
1242,BC543797
1243,SC122201
1244,BC544662
1245,EC062170
1246,NC058059
1247,BC28680
1248,BC541185
1249,BC542446
1250,BC545191
1251,SC122016
1252,BC542065
1253,BC537316
1254,BC537758
1255,BC516806
1256,NC058888
1257,BC479575
1258,BC519662
1259,BC533980
1260,EC061042
1261,BC469918
1262,YC069725
1263,BC538578
1264,BC538086
1265,BC523289
1266,BC543266
1267,BS148021
1268,14A01861
1269,SC122016
1270,SC121699
1271,EC061197
1272,BC517508
1273,BC539808
1274,BC498348
1275,BC538378
1276,BC513673
1277,BC527182
1278,BC526333
1279,SC121529
1280,BC469918
1281,BC521565
1282,PC055533
1283,BC527182
1284,BC520982
1285,BC498348
1286,BC536331
1287,BC497183
1288,BC538378
1289,BS145771
1290,LP017194
1291,LP017194
1292,SC121246; related to SC121073
1293,BC534360
1294,BC537083
1295,SC121930
1296,BC506251
1297,BC528680
1298,BC527732
1299,BC535827
1300,BC531962
1301,BC535978
1302,BC497911
1303,MC024335
1304,BC534890
1305,BC511497
1306,BC511501
1307,BC532157
1308,BC415273
1309,BC523289
1310,BC497135
1311,BC509562
1312,BC517380
1313,BC528222
1314,BC492506
1315,BC531147 (related to BC528579 and BC529960)
1316,BC525833
1317,BC517318
1318,NC059089
1319,BC488552
1320,BC524007
1321,BC529960
1322,YC069417
1323,BC513173
1324,520982
1325,BC527182
1326,BC528980
1327,BC528979
1328,BC517285
1329,BC488306
1330,BC526607
1331,13K16041
1332,BC524719
1333,BC514937
1334,BC528207
1335,CV1302504 GW
1336,BC516914
1337,BC517897
1338,PC055203
1339,BC527856
1340,SC119630
1341,BC520564
1342,BC521721
1343,BC521427
1344,BC510989
1345,LC100903
1346,YC069301
1347,BC525816
1348,SC121026
1349,BC478744
1350,CV1202943 MMM
1351,BC526173
1352,BC505375
1353,BC497991
1354,SC120753
1355,BC517363
1356,BC522276
1357,CV1210807 MWF
1358,BC511501
1359,BC498695
1360,BC524442
1361,BC511043
1362,BC513045
1363,BC512693
1364,LC100771
1365,LC100376
1366,BC509712
1367,BC511595
1368,SC121247
1369,SC120446
1370,13k13583
1371,BD562091
1372,BC520019
1373,SC121450
1374,BC523231
1375,BC515952
1376,BC518352
1377,BC524281
1378,BC514758
1379,BC512275
1380,YC068340
1381,BC497151
1382,PC055135
1383,CV135016 DMG
1384,BC507018
1385,BC505912
1386,BC519956
1387,BC497866
1388,VC062975
1389,LC100731
1390,NC058946
1391,BC502860
1392,EC060809
1393,BC498250
1394,BC498218
1395,PC055116
1396,BC515083
1397,BC511455
1398,BC516417
1399,EDCV1202291 CBM
1400,BC520745
1401,BC471675
1402,CV1300749ODW
1403,BC441440
1404,BC502792
1405,BC509412
1406,BC510333
1407,BC502792
1408,BC515446
1409,NC058330 motion of x-defendant
1410,BC507373
1411,BC507805
1412,NC058919
1413,SC121181
1414,BC513541
1415,BC510824
1416,SC117155
1417,BC513045
1418,GC051048
1419,CV1301316 GW
1420,CV1301390 GW; (Lead case CV12-00797 GW)
1421,NC058464
1422,BC446213
1423,BC504682
1424,KC065847
1425,LF003469
1426,BC500581
1427,BC510949
1428,SC108024
1429,BC502690
1430,BC480141
1431,BC488409
1432,GC050769
1433,BC499667
1434,SC120960
1435,BS136137 (related cases BC398074; BC437422; LC087726; BS125612; TC023626; BC437087)
1436,KC064455G
1437,CHA13A02305
1438,BC504682
1439,BC492889
1440,BC511244
1441,BC506938
1442,SC120417
1443,BC479045
1444,BC485843
1445,BC507269
1446,BC508587
1447,BC500327
1448,GC050743
1449,BC442504 (Lead Case); BC503027; B249616
1450,BC506938
1451,BC480374
1452,SC112460
1453,BC332373
1454,SC115685
1455,BC484817
1456,BC504416
1457,BC508276
1458,EC059929
1459,BC443562
1460,MC023525
1461,BC502146
1462,BC505912
1463,213cv02999DMG SH
1464,BC509955
1465,SC119086
1466,LC098251
1467,12CB4400
1468,BC503993
1469,BC497177
1470,BC479414
1471,BC499836
1472,BC492111
1473,NC058819
1474,BC499909
1475,BC501778
1476,BP135590 (BC502912)
1477,BC502524
1478,YC067673
1479,GC051048
1480,BC496816
1481,SC119357
1482,BC502011
1483,BC499729
1484,SC116833
1485,SC118444
1486,BC502103
1487,213cv00025 DSFVBK
1488,SC120466
1489,SC120417
1490,BC504238
1491,BC492776
1492,SC120114
1493,YC068727
1494,EC058982
1495,BP136819
1496,BC498947
1497,BC497051
1498,BC500578
1499,BC461969
1500,BC496485
1501,NC044703
1502,BC493706
1503,213cv00836RGK VBKx
1504,BC499760 (related to BC483318)
1505,SC117507
1506,CV1209912 ABC(SHx)
1507,BC491856
1508,BC500881
1509,MC023858
1510,VC062439
1511,BC483767
1512,BC437131
1513,BC487059
1514,BC497466
1515,BC455395
1516,BC497152
1517,BC491690
1518,BC497876
1519,SC118516
1520,BC478655
1521,BC474499
1522,BC479413
1523,BC485728
1524,LC098847
1525,BC493622
1526,SC116968
1527,BC498813
1528,NC057268
1529,LC096646
1530,PP004194 (consolidated with PP005076)
1531,KC063544
1532,VS024205
1533,VS024204
1534,VS024203
1535,EC059885
1536,BC492944
1537,BC486486
1538,BC493108
1539,EC058982
1540,EC059084
1541,BC496306
1542,BC493794
1543,BC497178
1544,BC495175
1545,SC118342
1546,BC493794
1547,BC497060
1548,BC487506
1549,BC497151
1550,BC491688
1551,EC058704
1552,12K15719
1553,BC492405
1554,GC049360
1555,12C01677
1556,BC485485
1557,BC496717
1558,EC057964
1559,EC059296
1560,SC119646
1561,BC478867
1562,LC099159
1563,YC063260
1564,SC118082
1565,BC493405
1566,SC119499
1567,BC465032
1568,SC117443
1569,SC118875
1570,BC479999
1571,BC497200
1572,EC059313
1573,CV1204095GWFMOx
1574,BC491824
1575,BC482038
1576,SC118941; SC118948
1577,BC493309
1578,KC064848
1579,BC462111
1580,BC492464
1581,BC480002
1582,BC489421
1583,BC475552
1584,BC462891
1585,SC108787
1586,BC482328
1587,BC492944
1588,CV1208443 GW (MRWx)
1589,GC050387
1590,PC053688
1591,BC488112
1592,BC494741
1593,BC480374
1594,12K01576
1595,BC486044
1596,BC488434
1597,LC098022
1598,BC488397
1599,PC053555
1600,BC488398
1601,BC477200
1602,BS137655
1603,BC487579
1604,BC493183
1605,BC487318
1606,12C00725
1607,BC488179
1608,BC489121
1609,BC482461
1610,12c02326 reclassified to EC059320
1611,SC117538
1612,EC046220
1613,SC117507
1614,LC094571
1615,BC483476
1616,BC489244
1617,BC488767
1618,BC489365
1619,CV125216 DMG (PLA)
1620,BC483689
1621,"BC488211 (related to BC445969, BC455129) SC100760 (consolidated with BC397660 and BC409472)"
1622,LC096598
1623,BC472305
1624,BC484067
1625,BC478300
1626,BC470676
1627,BC488411
1628,12c00725
1629,EC057388 related to EC054190
1630,EC057388 related to EC054190
1631,NC057460
1632,BC483160
1633,BC486985
1634,BC488442
1635,12C00633
1636,BC483101
1637,SC117507
1638,BC481043
1639,BC478450
1640,BC471679
1641,BC485194
1642,BC0469751
1643,BC488274
1644,LC096646
1645,LC098056
1646,BC461525
1647,SC116911
1648,KC063228G
1649,NC055957
1650,BC479461
1651,BC481423; related case BC486447
1652,BC470676
1653,KC062346
1654,SC117253
1655,SC117253
1656,BC476124
1657,BC486210
1658,BC485537
1659,BC474998
1660,BC464912
1661,BC444563
1662,EC058340
1663,BC473976
1664,PC051773 motion
1665,BC485594
1666,VC060624
1667,SC115305
1668,BC483476
1669,BC483103
1670,BC484687
1671,EC057867
1672,BC476124
1673,12C03268
1674,BC476719
1675,BC481545
1676,BC485594
1677,BS136137 motion and related cases BC398074; BC437422; LC087726; BS125612; TC023626; BC437087
1678,NC057452 motion
1679,LC096207
1680,BC481682
1681,BC469884
1682,BC483824
1683,BC483443
1684,BC445199
1685,BC4445199
1686,EC057222
1687,EC057964
1688,BC484055
1689,BC483164
1690,BC457210
1691,YC067030
1692,BC482705
1693,EC058251
1694,BC476870
1695,BC470179
1696,BC452864
1697,BC476369
1698,BC465948
1699,BC482015
1700,BC479019
1701,BC481134
1702,BC485112
1703,BC480825
1704,BC471183
1705,BC474161
1706,BC480893
1707,BC327840
1708,EC477363
1709,SC115862
1710,EC056642
1711,BC473236
1712,BC482394
1713,11C03619
1714,PC047981
1715,BC469493
1716,BC471602
1717,BC478135
1718,LC088263
1719,LC092073
1720,BC481038
1721,BC452315
1722,BC479045
1723,BC480002
1724,BC478685
1725,GC048196
1726,BC471055
1727,BC461679
1728,BC450323
1729,LC095322
1730,LC095322
1731,SC115254
1732,BC462605
1733,BC478761
1734,BC478761
1735,BC461776
1736,BC477162
1737,BC468761
1738,GC048196
1739,BC476283
1740,YC065354
1741,LC096162
1742,BC476369
1743,BC471612
1744,SC115678
1745,EC056563
1746,BC476649
1747,BC351878
1748,BC468812
1749,BC466748
1750,BC476777
1751,YC065354
1752,BC468404
1753,LC088263
1754,KC 061317
1755,BC475321
1756,VC056719
1757,KC061863
1758,YC 066521
1759,BC469751
1760,BC 466681
1761,SC113381
1762,bc446051 related and consolidated with bc462254
1763,bc476821
1764,bc47242
1765,BC460750
1766,BC477059
1767,BC465240
1768,SC112920
1769,BC418792
1770,BC469366
1771,BC404726
1772,BC474472
1773,BC475177
1774,BC475350
1775,SC115355
1776,BC472209
1777,YC066074
1778,GC026874
1779,BC471455
1780,BC4590990
1781,BC474122
1782,BC464010
1783,BC46549
1784,BC46549
1785,BC467162
1786,GC047540
1787,SC114141
1788,EC056872
1789,BC469572
1790,BC445995
1791,SC114128
1792,SC114757
1793,SC113816
1794,BC444161
1795,LC095495
1796,BC472822
1797,BC466547
1798,NC055957
1799,KC062265R
1800,BC473855
1801,BC462905
1802,BC462905
1803,BC469228
1804,BC452254
1805,BC471312
1806,BC467496
1807,BC445628
1808,10E03452
1809,BC464773
1810,BC464772
1811,LC093721
1812,BC457764
1813,VC059429
1814,BC464761
1815,11K17910
1816,YC64739
1817,BC467673
1818,BC460433
1819,BC462419
1820,BC469884
1821,SC113722
1822,SC111600
1823,BC462694
1824,BC467034
1825,NC055465
1826,BC461917
1827,BC448509
1828,SC114168
1829,BC471161
1830,BC454464
1831,BC468107
1832,BC467496
1833,VC058080
1834,SC113840
1835,BC453405
1836,BC468621
1837,YC064739
1838,SC113168
1839,BC466758
1840,MC022822
1841,BC457034
1842,YC063554
1843,BC459650
1844,BC454056
1845,BC466183
1846,BC451424
1847,BC458479
1848,LC093721
1849,BC466079 (BC470179)
1850,BC448877
1851,NC065105
1852,KC059808
1853,VC058626
1854,BC455632
1855,BC432062
1856,SC111762
1857,BC462930
1858,EC055985
1859,BC463640
1860,SC111887
1861,SC109160
1862,BC426745
1863,YC064653
1864,GC046125
1865,VC058158
1866,BC445950
1867,BC452006
1868,BC456611
1869,SC109484
1870,BC460687
1871,BC462905
1872,BC458841
1873,PC049362
1874,BC460540
1875,NS024175
1876,BC463653
1877,BC456920
1878,BC456920
1879,BC449272
1880,SC111765
1881,SC111423
1882,BC445233
1883,BC449272
1884,BC450635
1885,BC403850
1886,BC455944
1887,BC450658
1888,BC450658
1889,BC456920
1890,BC365058
1891,SC112119
1892,YC064653
1893,GC047139
1894,BC461917
1895,BC444563
1896,SC111762
1897,BC456421
1898,BC451883
1899,SC107608
1900,YC063786
1901,VC056856
1902,BC449910
1903,SC109643
1904,GC047119
1905,BC454585
1906,BC456657
1907,SC110652
1908,BC433012
1909,BC451452
1910,BC450602
1911,BC453017
1912,BS128996
1913,11A01781
1914,BC451883
1915,LC090922
1916,BC4590990
1917,GC046984
1918,NC053998
1919,BC457751
1920,BC452515
1921,BC445950
1922,BC445950
1923,BC450239
1924,BC435690
1925,BC435690
1926,BC456352
1927,BC448508
1928,VC058398
1929,11L00534
1930,BC456144
1931,YC063800
1932,BC444530; related cases BC446462; BC466212; *BC468132
1933,BC454421
1934,BC453601
1935,BC456803
1936,VS021288
1937,SC110357
1938,SC110357
1939,PC048305
1940,BS128165
1941,LC091181
1942,BC404598
1943,BC455198
1944,BC454421
1945,NC054954
1946,BC441258
1947,LC092365
1948,BC453083
1949,BC444042
1950,PC048165
1951,BC446138
1952,BC450832
1953,BC446085
1954,BS128165
1955,BC452897
1956,BC425515
1957,BC452400
1958,BC439563
1959,BC447595
1960,NC055510
1961,NC053503
1962,BC452118
1963,BC452118
1964,BC453209
1965,LC092365
1966,BC439791
1967,BC451709
1968,BC441413
1969,YC063548
1970,BC447174
1971,SS020296 (related to cases SC110240 and SC 110737)
1972,BC441076
1973,VC057467
1974,BC429391
1975,BC444827
1976,BC453083
1977,LC089469
1978,SC109828
1979,LC088640
1980,GC044828
1981,GC044828
1982,BC449733
1983,BC446298
1984,SC107733
1985,BC434601
1986,KC057551
1987,GC044828
1988,PC048142
1989,BC436632
1990,BC440882
1991,PC048874
1992,BC425823
1993,BC448198
1994,BC430004
1995,BC3453030
1996,NC054050
1997,MC020465
1998,BC365793
1999,BC362808
2000,BC366159
2001,BC448625
2002,BC445888
2003,MC021995
2004,BC446588
2005,BC438046
2006,BC445945
2007,BC445945
2008,PC049334
2009,LC091317
2010,BC428341
2011,BC446287
2012,SC109574
2013,BC432972
2014,BC439935
2015,BC365687
2016,BC424486
2017,SC097524
2018,TC020936
2019,KC059028
2020,BC427386
2021,MC020603
2022,MC020603
2023,MC020603
2024,EC054040
2025,BC444166
2026,BC431448
2027,BC438424
2028,BC439063
2029,BC444787
2030,BC444801
2031,BC436943
2032,BC444662
2033,BC443681
2034,BC445347
2035,BC438884
2036,SC079729 (consolidated w/SCO92319)
2037,EC052958
2038,BC442642
2039,EC053111
2040,BC374944
2041,TC020867
2042,BC424096
2043,BC442034
2044,BC438025
2045,BC438025
2046,BC391583
2047,PC040495
2048,BC439346
2049,B222363
2050,BC439141
2051,BC442642
2052,MC020079
2053,BC442034
2054,SC105900
2055,BC441668
2056,NC054014
2057,PC045052
2058,PC047825
2059,SC107421
2060,BC433440
2061,LC088438
2062,SC103177
2063,BC440022
2064,BC421181
2065,BC421181
2066,LC089344
2067,BC428862
2068,BC441668
2069,BC440525
2070,BC437544
2071,KC059014
2072,BC436632
2073,BC395151
2074,BC395151
2075,BC431018
2076,BS110377
2077,BC440919
2078,BC437681
2079,SC108084
2080,BC438338
2081,BC436398
2082,SC904862
2083,BC443083
2084,30200900305278CUBCCJC
2085,BC406904
2086,SC098792
2087,BC386105
2088,BC440268
2089,BC436221
2090,BC434402
2091,SC104372
2092,BC438132
2093,BC439063
2094,BC435115
2095,EC052725
2096,BC436765
2097,PC048375
2098,SC108284
2099,BC428212
2100,BC427314
2101,BC433745
2102,LC086143
2103,BC440136
2104,BC426823
2105,BC426926
2106,BC436506
2107,BC430497
2108,GC039580
2109,BC369256
2110,NC054601
2111,BC437245
2112,BC406454
2113,BC433494
2114,BC318384
2115,VC055768
2116,BC430809
2117,PC048161
2118,LC077492
2119,BC353528
2120,BC391055
2121,BC373090
2122,BC380640
2123,BC431018
2124,BC358699
2125,BC308986
2126,BC438286
2127,BC288754
2128,SC091241
2129,BC409226
2130,BC379689
2131,NC054302
2132,GC044419
2133,BC437325
2134,BC434314
2135,BS118964
2136,BC408244
2137,SS018141
2138,BC401000
2139,NSO17944
2140,BC377752
2141,BC392382
2142,KC050097 and KC051372
2143,BC391055
2144,BC434314
2145,BC389269
2146,BS119749
2147,BC398060
2148,LC083266
2149,SC106467
2150,BC425315
2151,SC107773
2152,SC106907
2153,BC404598
2154,CGC09492145
2155,BC436674
2156,BC430205
2157,BC417370
2158,BC433013
2159,BC403213
2160,BC398674
2161,BC435115
2162,LC087048
2163,BC437303
2164,BC430766
2165,BC433978
2166,BP118029
2167,SC108800
2168,BC416502
2169,BC291148
2170,BC422950
2171,LC088559
2172,BC419247
2173,SC106562
2174,BC426926
2175,BC433013
2176,BC422653
2177,BC376371
2178,BC426075
2179,BC401298
2180,BC403622
2181,LC082899
2182,SC102490
2183,SC102490
2184,PC047519
2185,BC434402
2186,LC085720
2187,EC049684
2188,NC043455
2189,BC423745
2190,LC085720
2191,BC433320
2192,EC049512
2193,BC396483
2194,BC228943
2195,SC092103
2196,EC051025
2197,YC060556
2198,EC051025
2199,SC106467
2200,BC433864
2201,BC432753
2202,BC415722
2203,10C02776
2204,BC431353
2205,VC055596
2206,GC044045
2207,NC053160
2208,VC052989
2209,SC105395
2210,BC402096
2211,BC350280
2212,BC430655
2213,BC424675
2214,BC355826
2215,BC409879
2216,MC021281
2217,BC432595
2218,BC426399
2219,SC094441
2220,YC054029
2221,BC421677
2222,BC328110
2223,BC356548
2224,BC361340
2225,SC092887
2226,BC412435
2227,BC408555
2228,BC420615
2229,BC425717
2230,SC106797
2231,SC102608
2232,BC377361
2233,BC425268
2234,BC429770
2235,BC431313
2236,BC426195
2237,BC409636
2238,BC421765
2239,LC087841
2240,SC105242
2241,BC414841
2242,BC393630
2243,BC429395
2244,BC387244
2245,BC417580
2246,SC097516
2247,BC423397
2248,SC098664
2249,BC382652
2250,BC429588
2251,BC316318
2252,BC375265
2253,BC425014
2254,BC423150
2255,BC376557
2256,BC410604
2257,MC020603
2258,LC08784
2259,BC423150
2260,BC425293
2261,BC345485
2262,SC093400
2263,BC427892
2264,EC051739
2265,BC426240
2266,BC427334
2267,BC424888
2268,BC420042
2269,BC411920
2270,BP119122
2271,BC423847
2272,YC060407
2273,BC378888
2274,LC079837
2275,BC422222
2276,BC423444
2277,BC377737
2278,BC377737
2279,BC371636
2280,BC377578
2281,SC095081
2282,SC095082
2283,BC376730
2284,BC363184
2285,BC419377
2286,BC355592
2287,VC048774
2288,BC373624
2289,BC367012
2290,VC048636
2291,06E06996
2292,BC343073
2293,BC353539
2294,BC353593
2295,BC354698
2296,BS106576
2297,BC336138
2298,LC076475
2299,BC359048
2300,NC053730
2301,BC431113
2302,BC420394
2303,BC403680
2304,NC053503
2305,BC385096 consolidated with BC385675
2306,BC385096 consolidated with BC385675
2307,GC041766
2308,BC360007
2309,06C00812
2310,LC076165
2311,PC038435
2312,PC039107
2313,MC017439
2314,BC348375
2315,BC349925
2316,BC424919
2317,BC326718
2318,BC357243
2319,BC336432
2320,BC340853
2321,BC335357
2322,BS098816
2323,BC332783
2324,BC319725
2325,BC378520
2326,EC048441
2327,BC416447
2328,BC416447
2329,BC416447
2330,BC416445
2331,BC416445
2332,BC416445
2333,BC416446
2334,BC416446
2335,BC375641
2336,SC105110
2337,SC105242
2338,BC399952
2339,BC421186
2340,LS018676
2341,BC419559
2342,BC424675
2343,BC425227
2344,BC389078
2345,BC417057
2346,BC416944
2347,SC104520
2348,BC420470
2349,BC414940
2350,BC394260
2351,TC022283
2352,YC059544
2353,BC412007
2354,BC412411
2355,BC403780
2356,BC406016
2357,BC416232
2358,BC375407
2359,BC419559
2360,SC084944
2361,YC050030
2362,SC103749
2363,BC412756
2364,GC041766
2365,BC304018
2366,BC381654
2367,EC038518
2368,EC038518
2369,BC310478
2370,BC316759
2371,BC317214
2372,BC400243
2373,BC375407
2374,SC038761
2375,SC038761
2376,BC385465
2377,BC402849
2378,BC401806
2379,NC053285
2380,BC421045
2381,LC086506
2382,LC087022
2383,TC021259
2384,SC100219
2385,BC403715
2386,BC402506
2387,LC081576
2388,BC410599
2389,BC411520
2390,SC100034
2391,BC408091
2392,EC048553
2393,SC101564
2394,BC407678
2395,BC401876
2396,BC405541
2397,BC403680
2398,LC084441
2399,BC405528
2400,BC403393
2401,BC403393
2402,BC395846
2403,BC416290
2404,BC403797
2405,BC406917
2406,BC405631
2407,BC403738
2408,LC079905
2409,EC048641
2410,BC401580
2411,SC100034
2412,BC405528
2413,BC381931
2414,BC405014
2415,BC396921
2416,NC050976
2417,BC383483
2418,BC385309
2419,BC235671
2420,BC411720
2421,BC406864
2422,KC056092
2423,BC405413
2424,BC417435
2425,BC405528
2426,BC380863
2427,BC375814
2428,BC400852
2429,SC100219
2430,BC406016
2431,NC050976
2432,BC413357
2433,VC051895
2434,SC095682
2435,BC371185
2436,BC377052
2437,BC367362
2438,BC414519
2439,GC042179
2440,09A05539
2441,LC079837
2442,BC394260
2443,BC400912
2444,SC101446
2445,BC406726
2446,SC101446
2447,BC410941
2448,YC059526
2449,BC411834
2450,BC388906
2451,PC)41544
2452,SC095866
2453,BC227270
2454,BC374483
2455,BC382170
2456,BC381163
2457,BC388069
2458,BC388068
2459,BC375407
2460,BC386547
2461,BC367252
2462,bc388790
2463,KC052353R
2464,SC096771
2465,08U00375
2466,VC050341
2467,BS122415
2468,SC103345
2469,BC404595
2470,BC404595
2471,SC10199(relatedtocaseSC088327)
2472,BC410941
2473,BC398367
2474,BC405635
2475,BC396921
2476,BC392275
2477,BC414940
2478,BC380774
2479,CV066919PSG(RCx)
2480,BC374683
2481,909C01190
2482,SC100831
2483,BC375195
2484,VC048721
2485,NC039795
2486,BC383720
2487,SC090300
2488,BC415316(Motion)
2489,NC051742
2490,BC415156
2491,BC415156
2492,BC410362
2493,BC414332
2494,BC411920
2495,CV0904400R(PLAx)
2496,BC415273
2497,YC059809
2498,BC375866
2499,SC101999
2500,BC414374
2501,BS120272
2502,BC404692
2503,BC413670
2504,BC400622
2505,BC417057
2506,BC407054
2507,BC412333
2508,BC378581
2509,BC406915
2510,BC405701
2511,BC414519
2512,LC083758
2513,BC407006
2514,LC083758
2515,BC410835
2516,BC411865
2517,LS018368
2518,BC413483
2519,BC397225
2520,SC101564
2521,BC392275
2522,BC406016
2523,EC048553
2524,6:9723453MJ
2525,BC398013
2526,BC405631
2527,BC406917
2528,BC387265;BC304823
2529,SC100927
2530,BC406726
2531,BC410261
2532,BS120855
2533,BC410470
2534,BC326556
2535,BC410261
2536,SC099361
2537,BC385388
2538,GC041906
2539,NC051749
2540,BC397128
2541,SACV081190CJC(Anx)
2542,VC052108
2543,BS120272
2544,LC085048
2545,BC411608
2546,BC397225
2547,SC100503
2548,BC412159
2549,BC414343
2550,BC392243
2551,SC038761
2552,BC396463
2553,PC042530
2554,BC384963
2555,BC387950
2556,BC388664
2557,BC304174
2558,BC388812
2559,BC387950
2560,BC390401
2561,LC081180
2562,BC392506
2563,BC376035
2564,LC080657
2565,BC390490
2566,BC390089
2567,BC388128
2568,BC367025
2569,BC388908
2570,BC382897
2571,BC383720
2572,BC383720
2573,SC097636
2574,BC377844
2575,BC378520
2576,BC388633
2577,BC374600
2578,PC042752
2579,BC385867
2580,BC363188
2581,CV076811JVS(JC)
2582,07K24410
2583,BC381461
2584,BC381168
2585,BC381954
2586,BC349802
2587,BC379426
2588,BC385670
2589,CV072835CAS(VBKx)
2590,06K03379
2591,NC050669
2592,SC095496
2593,BC382050
2594,BC381461
2595,CV076811JVS(JC)
2596,BC382492
2597,CV076811JVS(JC)
2598,BC379794
2599,SC095651
2600,SC096106
2601,BC398664
2602,EC047630
2603,BC397714
2604,BC393222
2605,08E13896
2606,BC400362
2607,BC363201
2608,BC396735
2609,BC397128
2610,BS109420
2611,VC051895
2612,BC387265
2613,BC396340
2614,BC304174
2615,08K21836
2616,BC388069
2617,BC383263
2618,MC018534
2619,2:08BK11950BR
2620,BC390789
2621,BP100107
2622,BC395540
2623,SC098660
2624,BC396463
2625,BC389852
2626,BC393932
2627,BC388061
2628,BC304174
2629,LC081015
2630,BC387950
2631,BC394102
2632,VC051486
2633,CV0803936RGK(FFMx)
2634,BC396340
2635,BC39340
2636,BC388988
2637,BC381821
2638,SC099035
2639,BC387950
2640,BC388139
2641,CV0803907SVW(CTx)
2642,BC382345
2643,08C01546
2644,GC040627
2645,BC383720
2646,BC393014
2647,BC386366
2648,BC391778
2649,BC389931
2650,BC389914
2651,SC097080
2652,BC389879
2653,CV0801108ABC(Ex)
2654,SC098574
2655,BC389852
2656,MC018534
2657,YC053835
2658,BC388068
2659,BC388069
2660,BC391094
2661,BC390401
2662,GC040740
2663,BC389914
2664,BC304174
2665,BC388069
2666,BC388068
2667,TC021430
2668,BC390089
2669,VC050462
2670,BC384401
2671,BC384699
2672,BC385308
2673,BC380863
2674,BC358040
2675,BC373281
2676,BC385231
2677,BC382897
2678,BC381168
2679,SACV0800061AHS
2680,BC384262
2681,BC377825
2682,TC021333
2683,BC375641
2684,BC382170
2685,GC040270
2686,BC385670
2687,GC039991
2688,SC095651
2689,BC382613
2690,BC380042
2691,BC382613
2692,NC050669
2693,VC049930
2694,07K23267
2695,BC377827
2696,BC371571
2697,BC373227
2698,NC050103
2699,SC094888
2700,BC372160
2701,BC377593
2702,BC377052
2703,SC094426
2704,BC375369
2705,BC368331
2706,BC380005
2707,SC095444
2708,BC378456
2709,BC379422
2710,BC377111
2711,07U13871
2712,BC376973
2713,BC377111
2714,BC380042
2715,NC039783
2716,BC332728
2717,KC051187
2718,KC051187
2719,BC332728
2720,BC335207
2721,BC377575
2722,BC371942
2723,BC371612
2724,BC3754369
2725,BC376895
2726,BC371556
2727,BC374827
2728,SC092408
2729,BC373713
2730,BC371185
2731,BC271185
2732,BC369626
2733,BC375227
2734,BC375265
2735,BC367462
2736,BC367462
2737,BC335207
2738,BC372024
2739,BC347107
2740,BC365328
2741,BC374705
2742,BC375224
2743,BC373832
2744,CV071028DSF(VBKx)
2745,BC362810
2746,SC094036
2747,BC364137
2748,BC370187
2749,BC373499
2750,BC372077
2751,NC039719
2752,CV066919PSG(RCx)
2753,BC367154
2754,NC039795
2755,BC367462
2756,SC094036
2757,BC371571
2758,BC365780
2759,BC365900
2760,LC078154
2761,BC352915
2762,NC039783
2763,BC364146
2764,BC370843
2765,BC354698
2766,CV0700380JFW(FFMx)
2767,BC349962
2768,BC246040
2769,BC371612
2770,VC048636
2771,BC371612
2772,BC368276
2773,VC048643
2774,BC370267
2775,BC370236
2776,BC352915
2777,BC367012
2778,BC370770
2779,BC370793
2780,BC372301
2781,SC093143
2782,07C02039
2783,BC368909
2784,SC093969
2785,BC369049
2786,BC369049
2787,BC370155
2788,BC366392
2789,BC366267
2790,EC043195
2791,BC363612
2792,GC038772
2793,PC040045
2794,BP096765
2795,SC091197
2796,BC369811
2797,07K01151
2798,CV071723DDP(RCx)
2799,BC368909
2800,CV072419ER(Ex)
2801,06E06996
2802,BC353300
2803,BC369281
2804,EC043367
2805,SC091524
2806,SC091603
2807,BC364146
2808,BC367513
2809,BC368259
2810,BC335594
2811,YC054799
2812,SC092837
2813,BC367220
2814,KC049554
2815,BC342845
2816,PC040363
2817,BC363132
2818,YC052828
2819,07K01151
2820,BC363436
2821,BC359662
2822,BC363754
2823,BC364874
2824,BC363719
2825,KC049810R
2826,BC364705
2827,BC334882
2828,BC357589
2829,BC357156
2830,BC363719
2831,BC353539
2832,BC355689
2833,07K01151
2834,BC349652
2835,BC364967
2836,EC043957
2837,BC361668
2838,CV065401GHK(PLAx)
2839,YC054317
2840,BC363469
2841,BC346279
2842,SC091935
2843,EC043860
2844,BC364874
2845,SC091935
2846,BC359407
2847,BC364689
2848,BC355260
2849,SC091935
2850,BC364689
2851,BC356106
2852,BC363754
2853,SC091275
2854,BC356106
2855,SC091644
2856,BC356455
2857,LC076314
2858,BC359133
2859,BC359619
2860,BC355887
2861,BC361310
2862,06E07407
2863,BC358565
2864,BC351512
2865,BC357128
2866,P039483
2867,KC048977
2868,GC037198
2869,EC043367
2870,BC360007
2871,CV066742DSF(JTLx)
2872,PC038497
2873,VC047111
2874,VC047111
2875,BC352260
2876,BC340236
2877,PC039483
2878,BC351597
2879,BC352083
2880,06CC05253
2881,BC350780
2882,SC088578
2883,LC073862
2884,NC038836
2885,BC340236
2886,VDC047111
2887,BC344851
2888,BC345618
2889,CV066532ABC(FFMx)
2890,06CC02756
2891,BC351597
2892,BC358024
2893,KC048668
2894,BC357595
2895,BC358281
2896,BC358280
2897,BC357243
2898,SC0874842
2899,BC352260
2900,BC355978
2901,LC074913
2902,BC353022
2903,BC348375
2904,KC047179R
2905,GC037429
2906,BC350835
2907,06K11545
2908,BC349925
2909,BC354630
2910,BC355689
2911,BC351929
2912,SC088846
2913,BC352883
2914,NC038807
2915,EC041992
2916,BC353140
2917,SC089901
2918,BC351667
2919,BC351597
2920,SC090068
2921,BC347949
2922,GC037198
2923,BC347474
2924,SC089376
2925,NC038050
2926,KC048157
2927,KC048609O
2928,GC035040
2929,BC347824
2930,BS103560
2931,BC350327
2932,BC353259
2933,BC353022
2934,EC042793
2935,BC351338
2936,SC088578
2937,SC089833
2938,BC347824
2939,LC073610
2940,BC344781
2941,BC347824
2942,BC322699
2943,BC344479
2944,NC037737
2945,BC350681
2946,BC350682
2947,SC087449
2948,BC342045
2949,BC353013
2950,BC351338
2951,SC089376
2952,BC342738
2953,BC259794
2954,BC341913
2955,SC089376
2956,BC325231
2957,BC349335
2958,BC346920
2959,SC087842
2960,VC04046441
2961,LC073354
2962,SC088256
2963,BC338828
2964,BC342434
2965,SC087989
2966,CV0403632WMBFMO
2967,KC046741G
2968,BC343518
2969,PC038669
2970,LC074361
2971,SC088877
2972,BC349335
2973,BC342352
2974,BC327611
2975,BC344861
2976,06K03379
2977,BC343219
2978,KC047532G
2979,BC339962
2980,CV054633GPS(SSX)
2981,BC349106
2982,EC042402
2983,BC339581
2984,SC087770
2985,BC347824
2986,CV507976DDP(MANx)
2987,EC042537
2988,VC045749
2989,BC338828
2990,BC342832
2991,BC348094
2992,LC073610
2993,BC343204
2994,BC338973
2995,GC034352
2996,BC342108
2997,BC348514
2998,MC016958
2999,SC097918
3000,SACV051083CJC(Anx)
3001,BC347293
3002,BC343219
3003,BC345657
3004,PC035433
3005,BC338877
3006,GC034752
3007,BC333028
3008,CV061163ABC(Ex)
3009,BC338973
3010,BC339908
3011,KC046778
3012,PC036832
3013,BC338319
3014,05C01998
3015,BC334845
3016,LC071796
3017,BC336710
3018,SC075838
3019,BC338973
3020,CV058382R(CTx)
3021,EC042145
3022,BC343760
3023,BC399472
3024,BC345094
3025,PC035433
3026,SC086606
3027,BC338918
3028,BC340526
3029,BC337610
3030,BC337610
3031,BC337610
3032,BC337610
3033,BC337610
3034,BC337610
3035,NC041570
3036,BC332154
3037,BC342848
3038,NS015872
3039,NS015873
3040,BC339310
3041,BC342964
3042,BC334705
3043,BC340853
3044,BC339482
3045,BC335982
3046,LC071839
3047,SC086931
3048,BC342964
3049,SC087161
3050,BC342964
3051,BC343099
3052,BP087672
3053,BC336432
3054,BC336710
3055,BC341748
3056,BC343089
3057,BC340541
3058,PC037392
3059,BC331550
3060,05C01813
3061,BC342725
3062,BC343425
3063,SC086392
3064,BC340052
3065,BC340533
3066,BC341748
3067,BC343466
3068,BC344275
3069,BC331516
3070,BC338578
3071,BC340526
3072,BC331516
3073,BC300739
3074,BC333845
3075,BC310071
3076,05E07315
3077,BC335772
3078,SC085908
3079,05C01178
3080,BC327134
3081,NC037074
3082,SC085688
3083,05CC09966
3084,BC340026
3085,05C02104
3086,KC045216
3087,05T01569
3088,PC035945
3089,BC315304
3090,BC333126
3091,SC086931
3092,04C01367
3093,SC086606
3094,BC335666
3095,SC086606
3096,BC33845
3097,BC338272
3098,BC334705
3099,BC325245
3100,TC019020
3101,BC334896
3102,BC335666
3103,BC336268
3104,BC336635
3105,PC036832
3106,BC335300
3107,BC335982
3108,BC332524
3109,BC325245
3110,BC160242
3111,05C01998
3112,BC335746
3113,BC334896
3114,BC334382
3115,SC086119
3116,VC044000
3117,BC334896
3118,BC336303
3119,BC328141
3120,BC330676
3121,SC085910
3122,BC334854
3123,BC329585
3124,BC326272
3125,BC334845
3126,BC334684
3127,BS090303
3128,BC334854
3129,BC323392
3130,BC323324
3131,GC035040
3132,BC334382
3133,BC334613
3134,BC334049
3135,KC044298
3136,BC330772
3137,BC327255
3138,BC332999
3139,BC327734
3140,GC034119
3141,BC331841
3142,BC316522
3143,BC328883
3144,BC329967
3145,BC331042
3146,BC307852
3147,VC040847
3148,CV044458R(AJWx)
3149,BC317038
3150,VC040847
3151,LC068997
3152,BC235810
3153,BC318088
3154,BC318195
3155,BC311435
3156,LC067943
3157,BC294088
3158,BC308674
3159,NC036528
3160,BC325238
3161,SC085201
3162,KC044298
3163,BC329670
3164,BC324284
3165,BC330855
3166,SC082332
3167,BC313699
3168,BC320938
3169,BC297327
3170,KC042957H
3171,BC327183
3172,EC040130
3173,SC083925
3174,BC309702
3175,BC309702
3176,04CV2085LAB(WMc)
3177,LC069971
3178,BC325079
3179,BC327183
3180,BC327700
3181,SC082827
3182,BS092136
3183,BC317811
3184,BC325079
3185,BC326537
3186,BC326476
3187,BC324471
3188,BC326595
3189,EC038940
3190,VC043644
3191,BC323815
3192,BC327144
3193,BC292011
3194,BC309312
3195,BC324579
3196,PC035489
3197,BC257503
3198,YC050086
3199,BC324062
3200,BC324062
3201,BC323947
3202,PC035590
3203,BS093791
3204,BC324579
3205,BS092727
3206,BC311391
3207,PC035858
3208,BC321135
3209,BC321382
3210,LC068658
3211,PC035590
3212,04C02461
3213,SC082799
3214,BC320799
3215,EC039163
3216,BC319382
3217,BC323472
3218,BC308691
3219,SC082799
3220,LC069695
3221,SC082196
3222,BC321101
3223,BC321102
3224,SC082827
3225,BC317873
3226,BC311461
3227,BC319405
3228,BC317287
3229,BC320189
3230,BC321859
3231,VC042870
3232,BC316403
3233,BC320433
3234,GC033915
3235,04C00975
3236,BC313194
3237,BC311548
3238,04C01999
3239,BC322413
3240,BC313699
3241,BC319923
3242,BC317091
3243,BC292011
3244,BC311686
3245,KC044246
3246,BC318088
3247,BC316035
3248,BC304174
3249,SC081612
3250,BC312446
3251,BC299954
3252,BC317586
3253,LC068732
3254,BC317586
3255,04E01947
3256,04C02267
3257,BC316951
3258,SC082599
3259,LC050341
3260,BC318420
3261,04T01018
3262,SC080383
3263,BC310478
3264,BC284875
3265,BC248282
3266,BC317038
3267,BC310534
3268,BC316417
3269,BC312768
3270,BC316035
3271,BC292359
3272,BC313199
3273,PC034013Z
3274,SC081932
3275,BC316833
3276,BC313199
3277,BC315357
3278,BC305023
3279,LC067951
3280,BC0308553
3281,BC212980
3282,BC304174
3283,BC310534
3284,SC055775
3285,04K01493
3286,BC301216
3287,LC067951
3288,BC312389
3289,BC307091
3290,SC08919
3291,BC309747
3292,GC033390
3293,BC308740
3294,BC311688
3295,BC310255
3296,BC294589
3297,BC311107
3298,VC041761
3299,BC037986
3300,BC305023
3301,BC304174
3302,BC313973
3303,BC300780
3304,BC308568
3305,SC080481
3306,BC298010
3307,BC309168
3308,BC30613
3309,BC286961
3310,BC309326
3311,SC080590
3312,NC034832
3313,BC308452
3314,SC78298
3315,BC307717
3316,BC298010
3317,KC043349O
3318,BS086908
3319,YC048116
3320,BC308237
3321,BC304526
3322,BC296972
3323,BC306742
3324,BC307129
3325,BC307219
3326,BC276546
3327,SCO80133
3328,BC303450
3329,BC300976
3330,BC304151
3331,BC289643
3332,BC305233
3333,BC298214
3334,BC259393
3335,BC292885
3336,BC292839
3337,BC261917
3338,SC080133
3339,BC309168
3340,SC080133
3341,BC302750
3342,SC076786
3343,BP304499
3344,BC300801
3345,BC304197
3346,SC078205
3347,BC305233
3348,LC065537
3349,BC294088
3350,VC040847
3351,GC032704
3352,BC294373
3353,SC078509
3354,GC032704
3355,BC288469
3356,CV033180GAF(CWx)
3357,BC304197
3358,BC305629
3359,BC286277/BC268815
3360,BC294598
3361,BC294373
3362,BC301574
3363,SC078703
3364,VC040847
3365,BC294755
3366,BS086235
3367,BC303596
3368,SC078290
3369,BC300767
3370,BC300767
3371,SC078520
3372,SC073683
3373,BC286926
3374,BC294501
3375,BC302341
3376,BC237108
3377,BS084675
3378,SC078931
3379,SC078931
3380,BC302686
3381,BC289977
3382,0304037GAF(PJWX)
3383,BC296228
3384,SC077367
3385,BC279183
3386,BC296686
3387,BC296404
3388,BS084188
3389,BC277417
3390,SC076927
3391,BC276676
3392,EC037261
3393,BC275041
3394,SC078505
3395,BC299472
3396,BC300985
3397,BC300279
3398,BP076596
3399,BC294997
3400,SC078461
3401,BC299944
3402,BS084675
3403,BC286926
3404,LC064450
3405,TC0161
3406,LC058261
3407,BC243665
3408,BC299541
3409,YC046858
3410,BC298307
3411,BC286990
3412,BC295358
3413,SC077306
3414,YC046858
3415,SC077703
3416,SC076927
3417,BC299159
3418,BC298504
3419,LC064313
3420,YC043779
3421,BS084188
3422,BC297579
3423,BC297754
3424,SC076531
3425,BC275012
3426,SC077306
3427,BC291551
3428,BC296686
3429,BC295225
3430,BC287484
3431,BC296026
3432,BC294746
3433,BC298713
3434,BC298569
3435,BC284335
3436,LC057630
3437,BC289730
3438,BC294746
3439,BS071131andBC276653
3440,SC076531
3441,BC297858
3442,YC043779
3443,BC294997
3444,BC284714
3445,BC295225
3446,VC039992
3447,TC016132
3448,BC288248
3449,BC295511
3450,BC296192
3451,BC295249
3452,BC291492
3453,BC277311
3454,SC077257
3455,BC289280
3456,SC076058
3457,BC270663(LeadCase)
3458,BC292098
3459,VC039402
3460,BC292616
3461,BC284714
3462,BC294795
3463,BC292203
3464,BC292098
3465,GC029950
3466,SC075710
3467,YC045763
3468,BC288530
3469,BC291434
3470,BC289730
3471,BC291276
3472,TC016486
3473,GC029983
3474,SC076786
3475,BC289904
3476,BC289904
3477,CV0300350DDP(PLA)
3478,BC290268
3479,SC075369
3480,031500FMC(Ex)
3481,VC037630
3482,BC283625
3483,SC071859
3484,BC285080
3485,BC286220
3486,LC062532
3487,LC059670
3488,03C00002
3489,SC074156
3490,032197TJH(Ex)
3491,SC075369
3492,BC288109
3493,KC413530
3494,BC292860
3495,BC285600
3496,LC063258
3497,BC291832
3498,BC286251
3499,BC289071
3500,BC286879
3501,BC287350
3502,BC282866
3503,NC032944
3504,BC288000
3505,03354DDP(VBKx)
3506,BC288530
3507,NC040582
3508,BC271918
3509,BC281670
3510,BC267337
3511,YC046027
3512,GC029639
3513,LC063694
3514,BC277753
3515,NC032944
3516,BC281780
3517,BC282427
3518,KC041042H
3519,BC260678
3520,BC260195
3521,CV014166RSWL(AJWx)
3522,BC256745
3523,PC028761Z
3524,0108684ABC(MANx)
3525,BC266569
3526,BC252896
3527,BC215233
3528,BC236675
3529,SC061840
3530,BC265352
3531,BC285600
3532,BC286251
3533,BC282716
3534,BC284205
3535,BC282716
3536,SC072785
3537,BC284335
3538,BC223130
3539,EC033657
3540,BC279665
3541,BC286127
3542,YC044679
3543,BC288248
3544,SS011399
3545,BC273319
3546,BC254390
3547,CV026367CAS(AJWx)
3548,BC277499
3549,BC223130
3550,BC286220
3551,GC031022
3552,GC029639
3553,SC071828
3554,TC016505
3555,LC061667
3556,BC270396
3557,LC063277
3558,BC284335
3559,BC285820
3560,BC280826
3561,BC282658
3562,KC040297
3563,BC272875
3564,LC061976
3565,BC277816
3566,BC274294
3567,BC277417
3568,LC062800
3569,SC073078
3570,BC265223
3571,BC278798
3572,KC041254
3573,BC108105
3574,BC253369
3575,BC255947
3576,BC267121
3577,EC034718
3578,02C00971
3579,BC262906
3580,BC276629
3581,BC279665
3582,BC244704
3583,YC044122
3584,BC278981
3585,SC069901
3586,SC073078
3587,BC272529
3588,BC276629
3589,BC272529
3590,BC269427
3591,BC254390
3592,BC263001
3593,SC068112
3594,BC273245
3595,BC280061
3596,SC067650
3597,BC274880
3598,BC280061
3599,BC278381
3600,BC273226
3601,KC039016
3602,BC272373
3603,BC272462
3604,BC256764
3605,BC256759
3606,BC267008
3607,BC271858
3608,VC037338
3609,BC276439
3610,BC262906
3611,BC273561
3612,EC034718
3613,GC028695
3614,BC269797
3615,BC277339
3616,BC273453
3617,BC275473
3618,BC273453
3619,BC276049
3620,BC266375
3621,BC272177
3622,BC274310
3623,BC144009
3624,BC273561
3625,NC032112
3626,BC266811
3627,BC273155
3628,BC271483
3629,BC274533
3630,BC263209
3631,BC263772
3632,CGC02406480
3633,BC266605
3634,BC253750
3635,ECO34110
3636,BC269259
3637,BC272462
3638,BC256603
3639,BC2711967
3640,BC259199
3641,BC267907
3642,BC272975
3643,MC013255
3644,BC270115
3645,BC264351
3646,BC266814
3647,BC270115
3648,EC034110
3649,BC263029
3650,GS006463
3651,BC229359
3652,BC254633
3653,BC256943
3654,SC063147
3655,BC253148
3656,LC055097
3657,YC041450
3658,BC249553
3659,BC264291
3660,BC239182
3661,BC256603
3662,BC259489
3663,BC266375
3664,EC033825
3665,BC256603
3666,BC225046
3667,BC264427
3668,BC256745
3669,BC249454
3670,BC266505
3671,BC239182
3672,SC070406
3673,SC066724
3674,BC266928
3675,01C04443
3676,VC036088
3677,BC266691
3678,SC070299
3679,BC266375
3680,BC262908
3681,SC066209
3682,BC266980
3683,SC070406
3684,BC259489
3685,BC266135
3686,BC262908
3687,BC269944
3688,BC269717
3689,EC033825
3690,BC267765
3691,BC259185
3692,BC264096
3693,BC262682
3694,01T04703
3695,GC027783
3696,BC257613
3697,BC255370
3698,BC253984
3699,01C02292
3700,BC233713/BC237396
3701,BC259185
3702,BC259185
3703,SC063147
3704,BC234898
3705,BC261256
3706,BC261052
3707,BC257365r/tBC259078
3708,BC259078
3709,BC261411
3710,LC057862
3711,BC257291
3712,BC259742
3713,BC260207
3714,BC260678
3715,BC258460
3716,BC260459
3717,BC252896
3718,BC260605
3719,SC068112
3720,BC198044
3721,BC255947
3722,SC065600
3723,BC258460
3724,SC067418
3725,LC051937
3726,BC257989
3727,BC252869
3728,BC258588
3729,BC253397
3730,SC067710
3731,EC032409
3732,SC066897
3733,LC051937
3734,VC033424
3735,BC253453
3736,SC061987
3737,BC256584
3738,SC067710
3739,BC252869
3740,BC251875
3741,SC065128
3742,BC244747
3743,LC051937
3744,01T00691
3745,BC252118
3746,BC249690
3747,KC035551
3748,BC248260
3749,BC252807
3750,BC250328
3751,BC250918
3752,BC250918
3753,BC250918
3754,BC241421
3755,BC252807
3756,BC219699
3757,BC251577
3758,BC245320
3759,BC249515
3760,SC065033
3761,BC249905
3762,VC033733
3763,BC241438
3764,BC243527
3765,EC031557
3766,BC069018(CoordinatedwithVenturaSuperiorCourtCaseNo.CIV187491)
3767,NC029185
3768,BC241148
3769,SC061768
3770,BC238133
3771,PC026132
3772,BC223056
3773,YC039635
3774,BC241103
3775,BC247258
3776,BC247544
3777,BC244747
3778,LC055727
3779,KC034571
3780,BC235509
3781,VC033231
3782,BC235509
3783,NotAvailable
3784,BC202337
3785,BC247544
3786,BC208414
3787,BC235509
3788,BC248088
3789,0104226AHM(CTx)
3790,SC066240
3791,BC248260
3792,BC247528
3793,BC247528
3794,SC065988
3795,VC033733
3796,BC235509
3797,BC244722
3798,BC247679
3799,BC219699
3800,BC245328
3801,BC242966
3802,BC235991
3803,BC192432
3804,BC230774
3805,BC243393
3806,BC239089
3807,00C00182
3808,SC063840
3809,BC241148
3810,BC244074
3811,BC237108
3812,BC240275
3813,BC239035
3814,BC243753
3815,BC241438
3816,BC239035
3817,BC236675
3818,0011956JSL(BQRx)
3819,BC225270
3820,BC229882
3821,BC240275
3822,BC133060
3823,BC133060
3824,BC235671
3825,BX066313
3826,0011956JSL(BQRx)
3827,BC232987
3828,SC063137
3829,BC238536
3830,SC062876
3831,BC237524
3832,00C00719
3833,BC133060(leadcaseno.)
3834,BC237108
3835,BC236707
3836,BC232959
3837,C238955
3838,BC235987
3839,BC227370
3840,BC233303
3841,YC038834
3842,LC052021
3843,BC228991
3844,SC061150
3845,BC236355
3846,BC203785
3847,BC225224
3848,EC029381
3849,BC225224
3850,MC011749
3851,BC220053
3852,0000556GHK(SHx)
3853,SACV00790DOC(ANX)
3854,00K04941
3855,SC061964
3856,BC235136
3857,BC229003
3858,BC227451
3859,BC235136
3860,SC059627
3861,BC220053
3862,BC235136
3863,BC235136
3864,BC230214
3865,BC226868
3866,LC052083
3867,BC222009
3868,LC052083
3869,BC166394
3870,BC225556
3871,NS007759
3872,BC225556
3873,BC227735
3874,BC223646
3875,BC225591
3876,LC048446
3877,BC177741
3878,BC224120
3879,BC220938
3880,BC228311
3881,SC059802
3882,MC010119
3883,BC202337
3884,VC031161
3885,SC059430
3886,SC059984
3887,99K08707
3888,BC208017
3889,BC201922
3890,BC215879
3891,BC146290
3892,BC215967
3893,BC215967
3894,BC211926
3895,LC048446
3896,BC216787
3897,BC218244
3898,VC030598
3899,BC200077
3900,BC216787
3901,SC059984
3902,BC223702
3903,KC031375
