,San Mateo
0,19CIV06531
1,18CIV01902
2,20CIV00107
3,20CIV00107
4,18CIV03290
5,18CIV04906
6,18CIV05639
7,18CIV06731
8,CIV525758
9,CIV492126
10,18CIV02526
11,18CIV01902
12,CIV530381
13,17CIV05623
14,17CIV05074
15,CIV530381
16,CIV530381
17,CIV533328
18,CIV533328
19,16CIV02957
20,17CIV04362
21,17CIV02879
22,532571
23,17CIV00547
24,CIV538867
25,CIV522693
26,CIV537205
27,CIV537205
28,16CIV02370
29,16CIV00242
30,16CIV00967
31,CIV538234
32,CIV524843
33,CLJ538203
34,CIV537384
35,CIV538012
36,CIVT537384
37,CIV533948
38,CIV532414
39,CIV537546
40,CIV537546
41,CIV534538
42,CIV535877
43,CIV534067
44,CIV534181
45,CIV533912
46,CIV530694
47,CIV530382
48,CIV528860
49,CLJ211655
50,CIV527885
51,CIV530805
52,COV531983
53,CIV532414
54,CIV530249
55,CIV531873
56,CIV524369
57,CIV527654
58,CIV500530
59,CIV527283
60,CIV525052
61,CIV524434
62,CIV514158
63,CIV520542
64,CIV517552
65,CIV520000
66,CIV518406
67,CIV513713
68,CIV492126
69,CIV492126
70,CIV492126
71,CIV514285
72,CIV511997 and CIV511775
73,CIV507159
74,CIV508219
75,CIV496994
76,CIV505612
77,CIV506396
78,CIV504825
79,CIV506396
80,CIV494096
81,CIV499226
82,CIV465979
83,CIV504465
84,CIV504465
85,CIV504825
86,JCCP4648
87,CIV500688
88,CIV500688
89,CIV501548
90,CIV500688
91,CIV500745
92,CIV499226
93,CIV500441
94,CIV498362
95,CIV499624
96,499465
97,CIV500745
98,CIV492686
99,CIV456979
100,PRO120136
101,CIV478796
102,FCS034922
103,CLJ489051
104,CIV491112
105,CIV491112
106,CIV458719
107,452686
108,CIV444497
109,CIV479780
110,CIV478372
111,CIV468200
112,CIV484553(Motion)
113,CIV484400
114,CIV472798
115,CIV467213
116,CIV473491
117,CIV472381
118,CIV471651
119,CIV471327
120,CIV466835
121,CIV467542
122,CIV461638
123,CIV461638
124,CIV454141
125,CIV458295
126,CIV454815
127,CIV458114
128,CIV454815
129,CIV458114
130,CIV458114
131,CIV450116
132,CIV454879
133,CIV450116
134,DIV449726
135,CIV451250
136,CIV448843
137,CIV448344
138,CIV447610
139,CIV448179
140,CIV444140
141,CIV445083
142,442629
143,CIV437907
144,CIV445026
145,434121
146,CIV441405
147,CIV438713
148,CIV441465
149,CIV439663
150,CIV440751
151,CIV437982
152,CIV438579
153,437540
154,434989
155,CIV435239
156,CIV436309
157,CIV436309
158,CIV436309
159,434935
160,CIV433361
161,CIV428706
162,432336
163,CIV432538
164,CIV428932
165,CLJ426673
166,CIV424697
167,405867
168,CIV428022
169,CIV428022
170,CLJ425608
171,CV421059
172,CV421059
173,C419039
174,405867
175,405867
176,410441
