,Solano
0,FCS054647
1,FCS053912
2,FCS053943
3,FCS051022
4,FCS052922
5,FC5051017
6,FCS050482
7,FCS050195
8,FCS050195
9,FCS046798
10,FCS046309
11,FCS045082
12,FCS044289
13,FCS045294
14,RG13675716
15,FCS040675
16,FCS039786
17,FCS039145
18,FCM125699
19,FCS037190
20,FCS031532
21,FCS031501
22,FCS031098
23,FCS030843
24,FCS033101
25,FCS026250
26,FCM101728
27,FCM102625
28,FCS031532
29,FCS030813
30,FCS030447
31,FCS027149
32,FCS028432
33,FCS028580
34,FCS027697
35,FCS027089
36,FCS021517
37,FCS022324
38,FCS022324
39,FCS022324
40,FCS022231
41,FCS021517
42,FCS017461
