,Sonoma
0,SCV264761
1,
2,SCV264723
3,SCV264179
4,SCV2624663
5,SCV264378
6,SCV264378
7,SCV264266
8,SCV264305
9,SCV263518
10,SCV260687
11,SCV261877
12,SCV263292
13,SCV263443
14,SCV262621
15,SCV262621
16,SCV260916
17,SCV260090
18,SCV260090
19,MCV243019
20,SCV260842
21,SCV259927
22,SCV260980
23,SCV260239
24,SCV259791
25,SCV259927
26,SCV259927
27,SCV259791
28,SCV259420
29,SCV259420
30,SCV258694
31,SCV258694
32,SCV257264
33,SCV248516
34,SCV256011
35,SCV255174
36,SCV255230
37,SCV255226
38,SCV256737
39,SCV256324
40,SCV255226
41,SCV251765
42,SCV251784
43,SCV251765
44,SCV253814
45,SCV251784
46,SCV254359
47,SCV252874
48,SCV252561
49,SCV251041
50,SCV252068
51,SCV252696
52,SCV251323
53,SCV251144
54,SW250190
55,SCV250020
56,SCV248544
57,SCV244991
58,SCV249259
59,SCV248867
60,SCV248545
61,SCV247931
62,SCV247980
63,SCV247127
64,SCV247444
65,SCV246967
66,SCV247296
67,SCV240236
68,FCS033479
69,SCV244110
70,SCV243468
71,SCV239262
72,FCS033479
73,SCV238390
74,SCV245059
75,SCV245059
76,242282
77,SCV241427
78,SCV243762
79,SCV243046
80,SCV243046
81,SCV239681
82,SCV241237
83,SCV240236
84,SCV239392
85,SCV239392
86,SCV238377
87,239260
88,238481
89,SCV238481
90,SCV238135
91,SCV236923
92,MCV180747
93,235154
94,235154
95,230609
96,231905
97,231905
98,SCV228683
99,231601
100,SCV231078
101,171816
102,225042
103,SCV222677
